,System,Genre,Topic,Audience
0,DreamVast,Action,Airplane,E
1,DreamVast,Action,Aliens,E
2,DreamVast,Action,Aliens,M
3,DreamVast,Action,AlternateHistory,E
4,DreamVast,Action,AlternateHistory,M
5,DreamVast,Action,Assassin,M
6,DreamVast,Action,Crime,M
7,DreamVast,Action,Cyberpunk,M
8,DreamVast,Action,Dungeon,E
9,DreamVast,Action,Dungeon,M
10,DreamVast,Action,ExtremeSports,M
11,DreamVast,Action,Fantasy,E
12,DreamVast,Action,Fantasy,M
13,DreamVast,Action,Horror,M
14,DreamVast,Action,Hunting,E
15,DreamVast,Action,MartialArts,M
16,DreamVast,Action,Medieval,E
17,DreamVast,Action,Military,M
18,DreamVast,Action,Mythology,E
19,DreamVast,Action,Mythology,M
20,DreamVast,Action,PostApocalyptic,M
21,DreamVast,Action,Prison,M
22,DreamVast,Action,ScienceFiction,E
23,DreamVast,Action,ScienceFiction,M
24,DreamVast,Action,Space,E
25,DreamVast,Action,Space,M
26,DreamVast,Action,Sports*,E
27,DreamVast,Action,Spy,M
28,DreamVast,Action,Superheroes,E
29,DreamVast,Action,Superheroes,M
30,DreamVast,Action,UFO,E
31,DreamVast,Action,Vampire,E
32,DreamVast,Action,Vampire,M
33,DreamVast,Action,Werewolf,M
34,DreamVast,Action,Zombies,M
35,DreamVast,Simulation,Airplane,E
36,DreamVast,Simulation,Business,E
37,DreamVast,Simulation,City,E
38,DreamVast,Simulation,Colonization,E
39,DreamVast,Simulation,Construction,E
40,DreamVast,Simulation,Cooking,E
41,DreamVast,Simulation,Disasters,M
42,DreamVast,Simulation,Dungeon,E
43,DreamVast,Simulation,Dungeon,M
44,DreamVast,Simulation,Dystopian,M
45,DreamVast,Simulation,Evolution,E
46,DreamVast,Simulation,ExtremeSports,M
47,DreamVast,Simulation,Farming,E
48,DreamVast,Simulation,GameDev,E
49,DreamVast,Simulation,Government,E
50,DreamVast,Simulation,Hacking,M
51,DreamVast,Simulation,History,E
52,DreamVast,Simulation,History,M
53,DreamVast,Simulation,Hospital,E
54,DreamVast,Simulation,Hunting,E
55,DreamVast,Simulation,Life,E
56,DreamVast,Simulation,MartialArts,M
57,DreamVast,Simulation,Military,M
58,DreamVast,Simulation,Movies,E
59,DreamVast,Simulation,Prison,M
60,DreamVast,Simulation,Racing*,E
61,DreamVast,Simulation,ScienceFiction,E
62,DreamVast,Simulation,ScienceFiction,M
63,DreamVast,Simulation,Space,E
64,DreamVast,Simulation,Space,M
65,DreamVast,Simulation,Sports*,E
66,DreamVast,Simulation,Surgery,E
67,DreamVast,Simulation,Technology,E
68,DreamVast,Simulation,Transport,E
69,DreamVast,Simulation,Vocabulary,E
70,G64,Adventure,Abstract,M
71,G64,Adventure,Comedy,M
72,G64,Adventure,Fantasy,M
73,G64,Adventure,Horror,M
74,G64,Adventure,MadScience,M
75,G64,Adventure,Mystery*,M
76,G64,Adventure,Prison,M
77,G64,Adventure,Romance,M
78,G64,Adventure,ScienceFiction,M
79,G64,Adventure,Spy,M
80,G64,Strategy,Disasters,M
81,G64,Strategy,Dungeon,M
82,G64,Strategy,Fantasy,M
83,G64,Strategy,Hacking,M
84,G64,Strategy,History,M
85,G64,Strategy,Military,M
86,G64,Strategy,ScienceFiction,M
87,G64,Strategy,Space,M
88,GS,Casual,Airplane,Y
89,GS,Casual,Dance,Y
90,GS,Casual,Fashion,Y
91,GS,Casual,Music*,Y
92,GS,Casual,Racing*,Y
93,GS,Casual,Rhythm*,Y
94,GS,Casual,Sports*,Y
95,GS,Casual,VirtualPet,Y
96,GS,RPG,Fantasy,Y
97,GS,RPG,Fashion,Y
98,GS,RPG,Medieval,Y
99,GS,RPG,School,Y
100,GS,RPG,WildWest,Y
101,Gameling,Casual,Airplane,Y
102,Gameling,Casual,Dance,Y
103,Gameling,Casual,Fashion,Y
104,Gameling,Casual,Music*,Y
105,Gameling,Casual,Racing*,Y
106,Gameling,Casual,Rhythm*,Y
107,Gameling,Casual,Sports*,Y
108,Gameling,Casual,VirtualPet,Y
109,MasterV,Casual,Airplane,E
110,MasterV,Casual,Cooking,E
111,MasterV,Casual,Farming,E
112,MasterV,Casual,Movies,E
113,MasterV,Casual,Racing*,E
114,MasterV,Casual,Sports*,E
115,MasterV,Casual,Vocabulary,E
116,Nuu,Casual,Airplane,E
117,Nuu,Casual,Airplane,Y
118,Nuu,Casual,Cooking,E
119,Nuu,Casual,Dance,Y
120,Nuu,Casual,Farming,E
121,Nuu,Casual,Fashion,Y
122,Nuu,Casual,Movies,E
123,Nuu,Casual,Music*,Y
124,Nuu,Casual,Racing*,E
125,Nuu,Casual,Racing*,Y
126,Nuu,Casual,Rhythm*,Y
127,Nuu,Casual,Sports*,E
128,Nuu,Casual,Sports*,Y
129,Nuu,Casual,VirtualPet,Y
130,Nuu,Casual,Vocabulary,E
131,Nuu,Simulation,Airplane,E
132,Nuu,Simulation,Airplane,Y
133,Nuu,Simulation,Business,E
134,Nuu,Simulation,City,E
135,Nuu,Simulation,Colonization,E
136,Nuu,Simulation,Construction,E
137,Nuu,Simulation,Cooking,E
138,Nuu,Simulation,Dance,Y
139,Nuu,Simulation,Dungeon,E
140,Nuu,Simulation,Evolution,E
141,Nuu,Simulation,ExtremeSports,Y
142,Nuu,Simulation,Farming,E
143,Nuu,Simulation,Fashion,Y
144,Nuu,Simulation,GameDev,E
145,Nuu,Simulation,Government,E
146,Nuu,Simulation,History,E
147,Nuu,Simulation,Hospital,E
148,Nuu,Simulation,Hunting,E
149,Nuu,Simulation,Life,E
150,Nuu,Simulation,Life,Y
151,Nuu,Simulation,Movies,E
152,Nuu,Simulation,Music*,Y
153,Nuu,Simulation,Racing*,E
154,Nuu,Simulation,Racing*,Y
155,Nuu,Simulation,Rhythm*,Y
156,Nuu,Simulation,School,Y
157,Nuu,Simulation,ScienceFiction,E
158,Nuu,Simulation,Space,E
159,Nuu,Simulation,Sports*,E
160,Nuu,Simulation,Sports*,Y
161,Nuu,Simulation,Surgery,E
162,Nuu,Simulation,Technology,E
163,Nuu,Simulation,Transport,E
164,Nuu,Simulation,VirtualPet,Y
165,Nuu,Simulation,Vocabulary,E
166,OYA,Casual,Airplane,E
167,OYA,Casual,Cooking,E
168,OYA,Casual,Farming,E
169,OYA,Casual,Movies,E
170,OYA,Casual,Racing*,E
171,OYA,Casual,Sports*,E
172,OYA,Casual,Vocabulary,E
173,PC,Adventure,Abstract,M
174,PC,Adventure,Comedy,M
175,PC,Adventure,Fantasy,M
176,PC,Adventure,Horror,M
177,PC,Adventure,MadScience,M
178,PC,Adventure,Mystery*,M
179,PC,Adventure,Prison,M
180,PC,Adventure,Romance,M
181,PC,Adventure,ScienceFiction,M
182,PC,Adventure,Spy,M
183,PC,Simulation,Disasters,M
184,PC,Simulation,Dungeon,M
185,PC,Simulation,Dystopian,M
186,PC,Simulation,ExtremeSports,M
187,PC,Simulation,Hacking,M
188,PC,Simulation,History,M
189,PC,Simulation,MartialArts,M
190,PC,Simulation,Military,M
191,PC,Simulation,Prison,M
192,PC,Simulation,ScienceFiction,M
193,PC,Simulation,Space,M
194,PC,Strategy,Disasters,M
195,PC,Strategy,Dungeon,M
196,PC,Strategy,Fantasy,M
197,PC,Strategy,Hacking,M
198,PC,Strategy,History,M
199,PC,Strategy,Military,M
200,PC,Strategy,ScienceFiction,M
201,PC,Strategy,Space,M
202,PPS,Action,Aliens,M
203,PPS,Action,AlternateHistory,M
204,PPS,Action,Assassin,M
205,PPS,Action,Crime,M
206,PPS,Action,Cyberpunk,M
207,PPS,Action,Dungeon,M
208,PPS,Action,ExtremeSports,M
209,PPS,Action,Fantasy,M
210,PPS,Action,Horror,M
211,PPS,Action,MartialArts,M
212,PPS,Action,Military,M
213,PPS,Action,Mythology,M
214,PPS,Action,PostApocalyptic,M
215,PPS,Action,Prison,M
216,PPS,Action,ScienceFiction,M
217,PPS,Action,Space,M
218,PPS,Action,Spy,M
219,PPS,Action,Superheroes,M
220,PPS,Action,Vampire,M
221,PPS,Action,Werewolf,M
222,PPS,Action,Zombies,M
223,PPS,RPG,Aliens,M
224,PPS,RPG,AlternateHistory,M
225,PPS,RPG,Assassin,M
226,PPS,RPG,Cyberpunk,M
227,PPS,RPG,Dungeon,M
228,PPS,RPG,Fantasy,M
229,PPS,RPG,MartialArts,M
230,PPS,RPG,Mystery*,M
231,PPS,RPG,PostApocalyptic,M
232,PPS,RPG,ScienceFiction,M
233,PPS,RPG,Spy,M
234,PPS,RPG,Thief,M
235,PPS,RPG,Vampire,M
236,PPS,RPG,Werewolf,M
237,PPS,RPG,WildWest,M
238,Playsystem2,Action,Airplane,E
239,Playsystem2,Action,Aliens,E
240,Playsystem2,Action,AlternateHistory,E
241,Playsystem2,Action,Dungeon,E
242,Playsystem2,Action,Fantasy,E
243,Playsystem2,Action,Hunting,E
244,Playsystem2,Action,Medieval,E
245,Playsystem2,Action,Mythology,E
246,Playsystem2,Action,ScienceFiction,E
247,Playsystem2,Action,Space,E
248,Playsystem2,Action,Sports*,E
249,Playsystem2,Action,Superheroes,E
250,Playsystem2,Action,UFO,E
251,Playsystem2,Action,Vampire,E
252,Playsystem2,RPG,Aliens,E
253,Playsystem2,RPG,AlternateHistory,E
254,Playsystem2,RPG,Detective*,E
255,Playsystem2,RPG,Dungeon,E
256,Playsystem2,RPG,Fantasy,E
257,Playsystem2,RPG,Medieval,E
258,Playsystem2,RPG,ScienceFiction,E
259,Playsystem2,RPG,Thief,E
260,Playsystem2,RPG,TimeTravel,E
261,Playsystem2,RPG,Vampire,E
262,Playsystem3,Action,Airplane,E
263,Playsystem3,Action,Aliens,E
264,Playsystem3,Action,AlternateHistory,E
265,Playsystem3,Action,Dungeon,E
266,Playsystem3,Action,Fantasy,E
267,Playsystem3,Action,Hunting,E
268,Playsystem3,Action,Medieval,E
269,Playsystem3,Action,Mythology,E
270,Playsystem3,Action,ScienceFiction,E
271,Playsystem3,Action,Space,E
272,Playsystem3,Action,Sports*,E
273,Playsystem3,Action,Superheroes,E
274,Playsystem3,Action,UFO,E
275,Playsystem3,Action,Vampire,E
276,Playsystem3,Simulation,Airplane,E
277,Playsystem3,Simulation,Business,E
278,Playsystem3,Simulation,City,E
279,Playsystem3,Simulation,Colonization,E
280,Playsystem3,Simulation,Construction,E
281,Playsystem3,Simulation,Cooking,E
282,Playsystem3,Simulation,Dungeon,E
283,Playsystem3,Simulation,Evolution,E
284,Playsystem3,Simulation,Farming,E
285,Playsystem3,Simulation,GameDev,E
286,Playsystem3,Simulation,Government,E
287,Playsystem3,Simulation,History,E
288,Playsystem3,Simulation,Hospital,E
289,Playsystem3,Simulation,Hunting,E
290,Playsystem3,Simulation,Life,E
291,Playsystem3,Simulation,Movies,E
292,Playsystem3,Simulation,Racing*,E
293,Playsystem3,Simulation,ScienceFiction,E
294,Playsystem3,Simulation,Space,E
295,Playsystem3,Simulation,Sports*,E
296,Playsystem3,Simulation,Surgery,E
297,Playsystem3,Simulation,Technology,E
298,Playsystem3,Simulation,Transport,E
299,Playsystem3,Simulation,Vocabulary,E
300,Playsystem4,Action,Airplane,E
301,Playsystem4,Action,Aliens,E
302,Playsystem4,Action,AlternateHistory,E
303,Playsystem4,Action,Dungeon,E
304,Playsystem4,Action,Fantasy,E
305,Playsystem4,Action,Hunting,E
306,Playsystem4,Action,Medieval,E
307,Playsystem4,Action,Mythology,E
308,Playsystem4,Action,ScienceFiction,E
309,Playsystem4,Action,Space,E
310,Playsystem4,Action,Sports*,E
311,Playsystem4,Action,Superheroes,E
312,Playsystem4,Action,UFO,E
313,Playsystem4,Action,Vampire,E
314,Playsystem4,RPG,Aliens,E
315,Playsystem4,RPG,AlternateHistory,E
316,Playsystem4,RPG,Detective*,E
317,Playsystem4,RPG,Dungeon,E
318,Playsystem4,RPG,Fantasy,E
319,Playsystem4,RPG,Medieval,E
320,Playsystem4,RPG,ScienceFiction,E
321,Playsystem4,RPG,Thief,E
322,Playsystem4,RPG,TimeTravel,E
323,Playsystem4,RPG,Vampire,E
324,Playsystem5,Action,Airplane,E
325,Playsystem5,Action,Aliens,E
326,Playsystem5,Action,AlternateHistory,E
327,Playsystem5,Action,Dungeon,E
328,Playsystem5,Action,Fantasy,E
329,Playsystem5,Action,Hunting,E
330,Playsystem5,Action,Medieval,E
331,Playsystem5,Action,Mythology,E
332,Playsystem5,Action,ScienceFiction,E
333,Playsystem5,Action,Space,E
334,Playsystem5,Action,Sports*,E
335,Playsystem5,Action,Superheroes,E
336,Playsystem5,Action,UFO,E
337,Playsystem5,Action,Vampire,E
338,Playsystem5,Simulation,Airplane,E
339,Playsystem5,Simulation,Business,E
340,Playsystem5,Simulation,City,E
341,Playsystem5,Simulation,Colonization,E
342,Playsystem5,Simulation,Construction,E
343,Playsystem5,Simulation,Cooking,E
344,Playsystem5,Simulation,Dungeon,E
345,Playsystem5,Simulation,Evolution,E
346,Playsystem5,Simulation,Farming,E
347,Playsystem5,Simulation,GameDev,E
348,Playsystem5,Simulation,Government,E
349,Playsystem5,Simulation,History,E
350,Playsystem5,Simulation,Hospital,E
351,Playsystem5,Simulation,Hunting,E
352,Playsystem5,Simulation,Life,E
353,Playsystem5,Simulation,Movies,E
354,Playsystem5,Simulation,Racing*,E
355,Playsystem5,Simulation,ScienceFiction,E
356,Playsystem5,Simulation,Space,E
357,Playsystem5,Simulation,Sports*,E
358,Playsystem5,Simulation,Surgery,E
359,Playsystem5,Simulation,Technology,E
360,Playsystem5,Simulation,Transport,E
361,Playsystem5,Simulation,Vocabulary,E
362,Playsystem,Action,Airplane,E
363,Playsystem,Action,Aliens,E
364,Playsystem,Action,AlternateHistory,E
365,Playsystem,Action,Dungeon,E
366,Playsystem,Action,Fantasy,E
367,Playsystem,Action,Hunting,E
368,Playsystem,Action,Medieval,E
369,Playsystem,Action,Mythology,E
370,Playsystem,Action,ScienceFiction,E
371,Playsystem,Action,Space,E
372,Playsystem,Action,Sports*,E
373,Playsystem,Action,Superheroes,E
374,Playsystem,Action,UFO,E
375,Playsystem,Action,Vampire,E
376,Playsystem,RPG,Aliens,E
377,Playsystem,RPG,AlternateHistory,E
378,Playsystem,RPG,Detective*,E
379,Playsystem,RPG,Dungeon,E
380,Playsystem,RPG,Fantasy,E
381,Playsystem,RPG,Medieval,E
382,Playsystem,RPG,ScienceFiction,E
383,Playsystem,RPG,Thief,E
384,Playsystem,RPG,TimeTravel,E
385,Playsystem,RPG,Vampire,E
386,SuperTES,Simulation,Airplane,Y
387,SuperTES,Simulation,Dance,Y
388,SuperTES,Simulation,ExtremeSports,Y
389,SuperTES,Simulation,Fashion,Y
390,SuperTES,Simulation,Life,Y
391,SuperTES,Simulation,Music*,Y
392,SuperTES,Simulation,Racing*,Y
393,SuperTES,Simulation,Rhythm*,Y
394,SuperTES,Simulation,School,Y
395,SuperTES,Simulation,Sports*,Y
396,SuperTES,Simulation,VirtualPet,Y
397,TES,Casual,Airplane,Y
398,TES,Casual,Dance,Y
399,TES,Casual,Fashion,Y
400,TES,Casual,Music*,Y
401,TES,Casual,Racing*,Y
402,TES,Casual,Rhythm*,Y
403,TES,Casual,Sports*,Y
404,TES,Casual,VirtualPet,Y
405,VenaGear,Casual,Airplane,E
406,VenaGear,Casual,Cooking,E
407,VenaGear,Casual,Farming,E
408,VenaGear,Casual,Movies,E
409,VenaGear,Casual,Racing*,E
410,VenaGear,Casual,Sports*,E
411,VenaGear,Casual,Vocabulary,E
412,VenaOasis,Action,Airplane,E
413,VenaOasis,Action,Aliens,E
414,VenaOasis,Action,AlternateHistory,E
415,VenaOasis,Action,Dungeon,E
416,VenaOasis,Action,Fantasy,E
417,VenaOasis,Action,Hunting,E
418,VenaOasis,Action,Medieval,E
419,VenaOasis,Action,Mythology,E
420,VenaOasis,Action,ScienceFiction,E
421,VenaOasis,Action,Space,E
422,VenaOasis,Action,Sports*,E
423,VenaOasis,Action,Superheroes,E
424,VenaOasis,Action,UFO,E
425,VenaOasis,Action,Vampire,E
426,Wuu,Casual,Airplane,E
427,Wuu,Casual,Cooking,E
428,Wuu,Casual,Farming,E
429,Wuu,Casual,Movies,E
430,Wuu,Casual,Racing*,E
431,Wuu,Casual,Sports*,E
432,Wuu,Casual,Vocabulary,E
433,Wuu,Simulation,Airplane,E
434,Wuu,Simulation,Business,E
435,Wuu,Simulation,City,E
436,Wuu,Simulation,Colonization,E
437,Wuu,Simulation,Construction,E
438,Wuu,Simulation,Cooking,E
439,Wuu,Simulation,Dungeon,E
440,Wuu,Simulation,Evolution,E
441,Wuu,Simulation,Farming,E
442,Wuu,Simulation,GameDev,E
443,Wuu,Simulation,Government,E
444,Wuu,Simulation,History,E
445,Wuu,Simulation,Hospital,E
446,Wuu,Simulation,Hunting,E
447,Wuu,Simulation,Life,E
448,Wuu,Simulation,Movies,E
449,Wuu,Simulation,Racing*,E
450,Wuu,Simulation,ScienceFiction,E
451,Wuu,Simulation,Space,E
452,Wuu,Simulation,Sports*,E
453,Wuu,Simulation,Surgery,E
454,Wuu,Simulation,Technology,E
455,Wuu,Simulation,Transport,E
456,Wuu,Simulation,Vocabulary,E
457,grPad,Casual,Airplane,E
458,grPad,Casual,Cooking,E
459,grPad,Casual,Farming,E
460,grPad,Casual,Movies,E
461,grPad,Casual,Racing*,E
462,grPad,Casual,Sports*,E
463,grPad,Casual,Vocabulary,E
464,grPhone,Casual,Airplane,E
465,grPhone,Casual,Cooking,E
466,grPhone,Casual,Farming,E
467,grPhone,Casual,Movies,E
468,grPhone,Casual,Racing*,E
469,grPhone,Casual,Sports*,E
470,grPhone,Casual,Vocabulary,E
471,mBox360,Action,Aliens,M
472,mBox360,Action,AlternateHistory,M
473,mBox360,Action,Assassin,M
474,mBox360,Action,Crime,M
475,mBox360,Action,Cyberpunk,M
476,mBox360,Action,Dungeon,M
477,mBox360,Action,ExtremeSports,M
478,mBox360,Action,Fantasy,M
479,mBox360,Action,Horror,M
480,mBox360,Action,MartialArts,M
481,mBox360,Action,Military,M
482,mBox360,Action,Mythology,M
483,mBox360,Action,PostApocalyptic,M
484,mBox360,Action,Prison,M
485,mBox360,Action,ScienceFiction,M
486,mBox360,Action,Space,M
487,mBox360,Action,Spy,M
488,mBox360,Action,Superheroes,M
489,mBox360,Action,Vampire,M
490,mBox360,Action,Werewolf,M
491,mBox360,Action,Zombies,M
492,mBox360,RPG,Aliens,M
493,mBox360,RPG,AlternateHistory,M
494,mBox360,RPG,Assassin,M
495,mBox360,RPG,Cyberpunk,M
496,mBox360,RPG,Dungeon,M
497,mBox360,RPG,Fantasy,M
498,mBox360,RPG,MartialArts,M
499,mBox360,RPG,Mystery*,M
500,mBox360,RPG,PostApocalyptic,M
501,mBox360,RPG,ScienceFiction,M
502,mBox360,RPG,Spy,M
503,mBox360,RPG,Thief,M
504,mBox360,RPG,Vampire,M
505,mBox360,RPG,Werewolf,M
506,mBox360,RPG,WildWest,M
507,mBoxNext,Casual,Airplane,E
508,mBoxNext,Casual,Cooking,E
509,mBoxNext,Casual,Farming,E
510,mBoxNext,Casual,Movies,E
511,mBoxNext,Casual,Racing*,E
512,mBoxNext,Casual,Sports*,E
513,mBoxNext,Casual,Vocabulary,E
514,mBoxOne,Action,Airplane,E
515,mBoxOne,Action,Aliens,E
516,mBoxOne,Action,AlternateHistory,E
517,mBoxOne,Action,Dungeon,E
518,mBoxOne,Action,Fantasy,E
519,mBoxOne,Action,Hunting,E
520,mBoxOne,Action,Medieval,E
521,mBoxOne,Action,Mythology,E
522,mBoxOne,Action,ScienceFiction,E
523,mBoxOne,Action,Space,E
524,mBoxOne,Action,Sports*,E
525,mBoxOne,Action,Superheroes,E
526,mBoxOne,Action,UFO,E
527,mBoxOne,Action,Vampire,E
528,mBox,Action,Airplane,E
529,mBox,Action,Aliens,E
530,mBox,Action,AlternateHistory,E
531,mBox,Action,Dungeon,E
532,mBox,Action,Fantasy,E
533,mBox,Action,Hunting,E
534,mBox,Action,Medieval,E
535,mBox,Action,Mythology,E
536,mBox,Action,ScienceFiction,E
537,mBox,Action,Space,E
538,mBox,Action,Sports*,E
539,mBox,Action,Superheroes,E
540,mBox,Action,UFO,E
541,mBox,Action,Vampire,E